<?xml version="1.0" encoding="UTF-8"?><station><name>品川駅</name><point>35.628222 139.738694</point><address>東京都港区高輪三丁目26-27</address><word>港区</word><user-count>329679</user-count><started-date>1872-06-12</started-date><url>http://ja.wikipedia.org/wiki/%E5%93%81%E5%B7%9D%E9%A7%85</url><summary>品川駅（しながわえき）は、東京都港区高輪三丁目および港南二丁目にある、東日本旅客鉄道（JR東日本）・東海旅客鉄道（JR東海）・日本貨物鉄道（JR貨物）・京浜急行電鉄（京急）の駅である。</summary></station>