<?xml version="1.0" encoding="UTF-8"?><station><name>神田駅</name><point>35.691667 139.770833</point><address>東京都千代田区鍛冶町二丁目13-1</address><word>千代田区</word><user-count>99307</user-count><started-date>1919-03-01</started-date><url>http://ja.wikipedia.org/wiki/%E7%A5%9E%E7%94%B0%E9%A7%85_(%E6%9D%B1%E4%BA%AC%E9%83%BD)</url><summary>神田駅（かんだえき）は、東京都千代田区にある、東日本旅客鉄道（JR東日本）・東京地下鉄（東京メトロ）の駅である。所在地は、JR東日本が鍛冶町二丁目、東京メトロが神田須田町一丁目である。</summary></station>