<?xml version="1.0" encoding="UTF-8"?><station><name>秋葉原駅</name><point>35.698333 139.773056</point><address>東京都千代田区外神田一丁目17-6</address><word>千代田区</word><user-count>234187</user-count><started-date>1890-11-01</started-date><url>http://ja.wikipedia.org/wiki/%E7%A7%8B%E8%91%89%E5%8E%9F%E9%A7%85</url><summary>秋葉原駅（あきはばらえき）は、東京都千代田区にある、東日本旅客鉄道（JR東日本）・東京地下鉄（東京メトロ）・首都圏新都市鉄道の駅である。所在地は、JR東日本が外神田一丁目17番6号、東京メトロが神田佐久間町一丁目21番地（住居表示未実施）、首都圏新都市鉄道が神田佐久間町一丁目6番地10（住居表示未実施）である。</summary></station>