<?xml version="1.0" encoding="UTF-8"?><station><name>高田馬場駅</name><point>35.712222 139.70375</point><address>東京都新宿区高田馬場一丁目35-1</address><word>新宿区</word><user-count>201765</user-count><started-date>1910-09-15</started-date><url>http://ja.wikipedia.org/wiki/%E9%AB%98%E7%94%B0%E9%A6%AC%E5%A0%B4%E9%A7%85</url><summary>高田馬場駅（たかだのばばえき）は、東京都新宿区高田馬場一丁目にある、東日本旅客鉄道（JR東日本）・西武鉄道・東京地下鉄（東京メトロ）の駅である。</summary></station>