<?xml version="1.0" encoding="UTF-8"?><station><name>五反田駅</name><point>35.626389 139.723472</point><address>東京都品川区東五反田一丁目26-14</address><word>品川区</word><user-count>127996</user-count><started-date>1911-10-15</started-date><url>http://ja.wikipedia.org/wiki/%E4%BA%94%E5%8F%8D%E7%94%B0%E9%A7%85</url><summary>五反田駅（ごたんだえき）は、東京都品川区東五反田にある、東日本旅客鉄道（JR東日本）・東京急行電鉄（東急）・東京都交通局（都営地下鉄）の駅である。</summary></station>