<?xml version="1.0" encoding="UTF-8"?><station><name>田町駅</name><point>35.645722 139.747583</point><address>東京都港区芝五丁目33-36</address><word>港区</word><user-count>148346</user-count><started-date>1909-12-16</started-date><url>http://ja.wikipedia.org/wiki/%E7%94%B0%E7%94%BA%E9%A7%85_(%E6%9D%B1%E4%BA%AC%E9%83%BD)</url><summary>田町駅（たまちえき）は、東京都港区芝五丁目にある、東日本旅客鉄道（JR東日本）の駅である。乗り入れている路線は、線路名称上は東海道本線1路線のみである（詳細は路線記事および鉄道路線の名称参照）が、当駅には電車線を走る京浜東北線電車および山手線電車のみが停車し、旅客案内では「東海道（本）線」とは案内されていない。また当駅は、JRの特定都区市内制度における「東京都区内」および「東京山手線内」に属する。</summary></station>