<?xml version="1.0" encoding="UTF-8"?><station><name>西日暮里駅</name><point>35.732361 139.766806</point><address>東京都荒川区西日暮里五丁目14-1</address><word>荒川区</word><user-count>156404</user-count><started-date>1969-12-20</started-date><url>http://ja.wikipedia.org/wiki/%E8%A5%BF%E6%97%A5%E6%9A%AE%E9%87%8C%E9%A7%85</url><summary>西日暮里駅（にしにっぽりえき）は、東京都荒川区西日暮里五丁目にある、東京地下鉄（東京メトロ）・東日本旅客鉄道（JR東日本）・東京都交通局の駅である。</summary></station>