<?xml version="1.0" encoding="UTF-8"?><station><name>新宿駅</name><point>35.690833 139.700278</point><address>東京都新宿区新宿三丁目38-1</address><word>新宿区</word><user-count>742833</user-count><started-date>1885-03-01</started-date><url>http://ja.wikipedia.org/wiki/%E6%96%B0%E5%AE%BF%E9%A7%85</url><summary>新宿駅（しんじゅくえき）は、東日本旅客鉄道（JR東日本）・京王電鉄・小田急電鉄・東京地下鉄（東京メトロ）・東京都交通局（都営地下鉄）の駅である。JR・都営地下鉄・京王新線新宿駅は東京都新宿区・渋谷区の両方に跨っている。</summary></station>