<?xml version="1.0" encoding="UTF-8"?><station><name>恵比寿駅</name><point>35.646667 139.710139</point><address>東京都渋谷区恵比寿南一丁目5-5</address><word>渋谷区</word><user-count>128555</user-count><started-date>1901-02-25</started-date><url>http://ja.wikipedia.org/wiki/%E6%81%B5%E6%AF%94%E5%AF%BF%E9%A7%85</url><summary>恵比寿駅（えびすえき）は、東京都渋谷区恵比寿南一丁目にある、東日本旅客鉄道（JR東日本）・東京地下鉄（東京メトロ）の駅である。</summary></station>