<?xml version="1.0" encoding="UTF-8"?><station><name>巣鴨駅</name><point>35.733472 139.739333</point><address>東京都豊島区巣鴨一丁目16-1</address><word>豊島区</word><user-count>76093</user-count><started-date>1903-04-01</started-date><url>http://ja.wikipedia.org/wiki/%E5%B7%A3%E9%B4%A8%E9%A7%85</url><summary>巣鴨駅（すがもえき）は、東京都豊島区巣鴨にある、東日本旅客鉄道（JR東日本）・東京都交通局（都営地下鉄）の駅である。</summary></station>