<?xml version="1.0" encoding="UTF-8"?><station><name>池袋駅</name><point>35.729722 139.710861</point><address>東京都豊島区南池袋一丁目28-2</address><word>豊島区</word><user-count>550756</user-count><started-date>1903-04-01</started-date><url>http://ja.wikipedia.org/wiki/%E6%B1%A0%E8%A2%8B%E9%A7%85</url><summary>池袋駅（いけぶくろえき）は、東京都豊島区にある、東日本旅客鉄道（JR東日本）・東武鉄道・西武鉄道・東京地下鉄（東京メトロ）の駅である。</summary></station>