<?xml version="1.0" encoding="UTF-8"?><station><name>目白駅</name><point>35.721194 139.706583</point><address>東京都豊島区目白三丁目3-1</address><word>豊島区</word><user-count>37355</user-count><started-date>1885-03-16</started-date><url>http://ja.wikipedia.org/wiki/%E7%9B%AE%E7%99%BD%E9%A7%85</url><summary>目白駅（めじろえき）は、東京都豊島区目白三丁目にある、東日本旅客鉄道（JR東日本）山手線の駅である。当駅には山手線電車のみが停車し、それ以外の列車は通過する。また、特定都区市内制度における「東京都区内」および「東京山手線内」に属している。</summary></station>