<?xml version="1.0" encoding="UTF-8"?><station><name>日暮里駅</name><point>35.728111 139.77125</point><address>東京都荒川区西日暮里二丁目19-1</address><word>荒川区</word><user-count>94853</user-count><started-date>1931-12-19</started-date><url>http://ja.wikipedia.org/wiki/%E6%97%A5%E6%9A%AE%E9%87%8C%E9%A7%85</url><summary>日暮里駅（にっぽりえき）は、東京都荒川区西日暮里二丁目にある、東日本旅客鉄道（JR東日本）・京成電鉄・東京都交通局の駅である。</summary></station>