<?xml version="1.0" encoding="UTF-8"?><station><name>代々木駅</name><point>35.683056 139.702083</point><address>東京都渋谷区代々木一丁目34-1</address><word>渋谷区</word><user-count>69466</user-count><started-date>1906-09-23</started-date><url>http://ja.wikipedia.org/wiki/%E4%BB%A3%E3%80%85%E6%9C%A8%E9%A7%85</url><summary>代々木駅（よよぎえき）は、東京都渋谷区代々木一丁目にある、東日本旅客鉄道（JR東日本）・東京都交通局（都営地下鉄）の駅である。</summary></station>