<?xml version="1.0" encoding="UTF-8"?><station><name>大崎駅</name><point>35.619722 139.728556</point><address>東京都品川区大崎一丁目21-4</address><word>品川区</word><user-count>138311</user-count><started-date>1901-02-25</started-date><url>http://ja.wikipedia.org/wiki/%E5%A4%A7%E5%B4%8E%E9%A7%85</url><summary>大崎駅（おおさきえき）は、東京都品川区大崎一丁目にある、東日本旅客鉄道（JR東日本）・東京臨海高速鉄道（TWR）の駅である。JR東日本とTWRが構内を共用する共同使用駅である。</summary></station>