<?xml version="1.0" encoding="UTF-8"?><station><name>上野駅</name><point>35.713889 139.777222</point><address>東京都台東区上野七丁目1-1</address><word>台東区</word><user-count>183611</user-count><started-date>1883-07-28</started-date><url>http://ja.wikipedia.org/wiki/%E4%B8%8A%E9%87%8E%E9%A7%85</url><summary>上野駅（うえのえき）は、東京都台東区上野七丁目および東上野三丁目にある、東日本旅客鉄道（JR東日本）・東京地下鉄（東京メトロ）の駅である。</summary></station>