<?xml version="1.0" encoding="UTF-8"?><station><name>新橋駅</name><point>35.666389 139.758056</point><address>東京都港区新橋二丁目17</address><word>港区</word><user-count>243890</user-count><started-date>1909-12-16</started-date><url>http://ja.wikipedia.org/wiki/%E6%96%B0%E6%A9%8B%E9%A7%85</url><summary>新橋駅（しんばしえき）は、東京都港区にある、東日本旅客鉄道（JR東日本）・東京地下鉄（東京メトロ）・東京都交通局（都営地下鉄）・ゆりかもめの駅である。所在地は、ゆりかもめの駅が東新橋一丁目、その他の駅が新橋二丁目となっている。</summary></station>