<?xml version="1.0" encoding="UTF-8"?><station><name>東京駅</name><point>35.681111 139.766667</point><address>東京都千代田区丸の内一丁目9-1</address><word>千代田区</word><user-count>402277</user-count><started-date>1914-12-20</started-date><url>http://ja.wikipedia.org/wiki/%E6%9D%B1%E4%BA%AC%E9%A7%85</url><summary>東京駅（とうきょうえき）は、東京都千代田区丸の内一丁目にある、東日本旅客鉄道（JR東日本）・東海旅客鉄道（JR東海）・東京地下鉄（東京メトロ）の駅である。</summary></station>