<?xml version="1.0" encoding="UTF-8"?><station><name>浜松町駅</name><point>35.655 139.756944</point><address>東京都港区海岸一丁目3-1</address><word>港区</word><user-count>153104</user-count><started-date>1909-12-16</started-date><url>http://ja.wikipedia.org/wiki/%E6%B5%9C%E6%9D%BE%E7%94%BA%E9%A7%85</url><summary>浜松町駅（はままつちょうえき）は、東京都港区にある、東日本旅客鉄道（JR東日本）・東京モノレールの駅である。ただし、東京モノレールでは、モノレール浜松町駅（モノレールはままつちょうえき）が正式な駅名である。所在地は、JR東日本が海岸一丁目、東京モノレールが浜松町二丁目となっている。</summary></station>