<?xml version="1.0" encoding="UTF-8"?><station><name>渋谷駅</name><point>35.658611 139.701111</point><address>東京都渋谷区道玄坂一丁目1-1</address><word>渋谷区</word><user-count>412009</user-count><started-date>1885-03-01</started-date><url>http://ja.wikipedia.org/wiki/%E6%B8%8B%E8%B0%B7%E9%A7%85</url><summary>渋谷駅（しぶやえき）は、東京都渋谷区にある、東日本旅客鉄道（JR東日本）・東京急行電鉄（東急）・東京地下鉄（東京メトロ）・京王電鉄の駅である。</summary></station>