<?xml version="1.0" encoding="UTF-8"?><station><name>目黒駅</name><point>35.634028 139.715833</point><address>東京都品川区上大崎二丁目16-9</address><word>品川区</word><user-count>101998</user-count><started-date>1885-03-16</started-date><url>http://ja.wikipedia.org/wiki/%E7%9B%AE%E9%BB%92%E9%A7%85</url><summary>目黒駅（めぐろえき）は、東京都品川区上大崎にある、東日本旅客鉄道（JR東日本）・東京急行電鉄（東急）・東京地下鉄（東京メトロ）・東京都交通局（都営地下鉄）の駅である。</summary></station>