<?xml version="1.0" encoding="UTF-8"?><station><name>原宿駅</name><point>35.670167 139.702694</point><address>東京都渋谷区神宮前一丁目18-20</address><word>渋谷区</word><user-count>69750</user-count><started-date>1906-10-30</started-date><url>http://ja.wikipedia.org/wiki/%E5%8E%9F%E5%AE%BF%E9%A7%85</url><summary>原宿駅（はらじゅくえき）は、東京都渋谷区神宮前一丁目にある、東日本旅客鉄道（JR東日本）山手線の鉄道駅である。</summary></station>