<?xml version="1.0" encoding="UTF-8"?><station><name>御徒町駅</name><point>35.707417 139.774639</point><address>東京都台東区上野五丁目27</address><word>台東区</word><user-count>68402</user-count><started-date>1925-11-01</started-date><url>http://ja.wikipedia.org/wiki/%E5%BE%A1%E5%BE%92%E7%94%BA%E9%A7%85</url><summary>御徒町駅（おかちまちえき）は、東京都台東区上野五丁目にある、東日本旅客鉄道（JR東日本）の駅である。</summary></station>