<?xml version="1.0" encoding="UTF-8"?><station><name>新大久保駅</name><point>35.701306 139.700056</point><address>東京都新宿区百人町一丁目10-15</address><word>新宿区</word><user-count>42433</user-count><started-date>1914-11-15</started-date><url>http://ja.wikipedia.org/wiki/%E6%96%B0%E5%A4%A7%E4%B9%85%E4%BF%9D%E9%A7%85</url><summary>新大久保駅（しんおおくぼえき）は、東京都新宿区百人町一丁目にある、東日本旅客鉄道（JR東日本）山手線の駅である。当駅には環状線としての山手線電車のみが停車し、それ以外の列車は通過する。また、特定都区市内制度における「東京都区内」および「東京山手線内」に属している。</summary></station>