<?xml version="1.0" encoding="UTF-8"?><station><name>大塚駅</name><point>35.731833 139.728056</point><address>東京都豊島区南大塚三丁目33-1</address><word>豊島区</word><user-count>51861</user-count><started-date>1903-04-01</started-date><url>http://ja.wikipedia.org/wiki/%E5%A4%A7%E5%A1%9A%E9%A7%85_(%E6%9D%B1%E4%BA%AC%E9%83%BD)</url><summary>大塚駅（おおつかえき）は、東京都豊島区南大塚三丁目にある、東日本旅客鉄道（JR東日本）山手線の駅である。本項では、付近にある都電荒川線の大塚駅前停留場（おおつかえきまえていりゅうじょう）についても記述する。</summary></station>