<?xml version="1.0" encoding="UTF-8"?><station><name>有楽町駅</name><point>35.675056 139.763333</point><address>東京都千代田区有楽町二丁目9-17</address><word>千代田区</word><user-count>164929</user-count><started-date>1910-06-25</started-date><url>http://ja.wikipedia.org/wiki/%E6%9C%89%E6%A5%BD%E7%94%BA%E9%A7%85</url><summary>有楽町駅（ゆうらくちょうえき）は、東京都千代田区有楽町にある、東日本旅客鉄道（JR東日本）・東京地下鉄（東京メトロ）の駅である。駅名である有楽町の地名は、この辺りに織田信長の弟である織田長益（有楽斎）の邸宅跡地があったことに由来している。</summary></station>