<?xml version="1.0" encoding="UTF-8"?><station><name>駒込駅</name><point>35.736472 139.746861</point><address>東京都豊島区駒込二丁目1-1</address><word>豊島区</word><user-count>46005</user-count><started-date>1910-11-15</started-date><url>http://ja.wikipedia.org/wiki/%E9%A7%92%E8%BE%BC%E9%A7%85</url><summary>駒込駅（こまごめえき）は、東京都豊島区駒込二丁目にある、東日本旅客鉄道（JR東日本）・東京地下鉄（東京メトロ）の駅である。</summary></station>